Workbook

Sheet Assessment Details
B3: تفاصيل التقييم وسياق نظام إدارة أمن المعلومات
B5: التصنيف الأمني | C5: سري للاستخدام الداخلي
B6: عنوان تقييم المخاطر | C6: أداة تقييم ومعالجة المخاطر المبنية على الأصول — بنك الآفاق الرقمية 2026 م
B7: نطاق تقييم المخاطر | C7: المقر الرئيسي بالرياض، مركز البيانات بالطابق 3، مركز التعافي بجدة، 25 فرعاً، 150 صرافاً، والتطبيقات المصرفية (آفاق نت وآفاق بلس)
B8: سياق تقييم المخاطر | C8: الخدمات المصرفية للأفراد والشركات والأنظمة السحابية والربط مع شبكة المدفوعات وفق إطار ساما ونظام سدايا وISO 27001:2022
B9: معايير قبول المخاطر | C9: المنخفضة (1-4): مقبولة؛ المتوسطة (5-10): تتطلب موافقة CISO؛ العالية والحرجة (12-25): غير مقبولة وتتطلب معالجة إلزامية فورية
B10: رقم الإصدار | C10: 1
B11: تاريخ التقييم | C11: 11 سبتمبر 2026 م
B12: مقيمو المخاطر | C12: محمد العامري (قائد المشروع)، محمد الكشري (مسؤول تقييم المخاطر السيبرانية)
B13: المشاركون في التقييم | C13: محمد شماخ (الضوابط التقنية)، محمد الأصبحي (التدقيق الداخلي)، م. فهد العتيبي (CIO)
B14: الاعتماد والمصادقة | C14: أ. سارة الحربي (مدير أمن المعلومات - CISO) ود. نورة القحطاني (الرئيس التنفيذي - CEO)
B15: تاريخ الاعتماد | C15: 12 سبتمبر 2026 م

Sheet Risk Assessment
B8: أداة تقييم ومعالجة المخاطر المبنية على الأصول
B9: توصيف الخطر الأمني | J9: تقييم ما قبل المعالجة (PRE-TREATMENT ASSESSMENT) | P9: خطة المعالجة | X9: تقييم ما بعد المعالجة (POST-TREATMENT ASSESSMENT) | AD9: الملاحظات (COMMENTS)
B10: الرقم | C10: مجموعة الأصول | D10: الأصل المستهدف | E10: التهديد الأمني | F10: نقطة الضعف / الثغرة | G10: نوع الخطر | H10: مالك الخطر | I10: الضوابط القائمة | J10: الاحتمالية | K10: مبررات الاحتمالية | L10: مستوى الأثر | M10: مبررات الأثر | N10: درجة الخطر | O10: مستوى الخطر | P10: خيار المعالجة Treatment Option | Q10: إجراء المعالجة المقترح | R10: مرجع ضوابط الملحق | S10: تكلفة المعالجة ر.س | T10: المسؤول عن التنفيذ | U10: الجدول الزمني | V10: نسبة الإنجاز | W10: حالة إجراء المعالجة Action Status | X10: الاحتمالية بعد المعالجة Post Likelihood | Y10: مبررات الاحتمالية المتبقية Post L Rationale | Z10: الأثر بعد المعالجة Post Impact | AA10: مبررات الأثر المتبقي Post I Rationale | AB10: درجة الخطر المتبقي Post Risk Score | AC10: مستوى الخطر المتبقي Post Risk Level | AD10: ملاحظات إضافية Comments
B12: 1 | C12: البرمجيات والأنظمة | D12: جدار الحماية الرئيسي (Palo Alto) | E12: انقطاع الخدمة المصرفية نتيجة تعديل خاطئ وغير معتمد في قواعد التوجيه | F12: غياب مبدأ الموافقة المزدوجة وعدم إلزامية خطط التراجع (Rollback Plan) | G12: CIA | H12: م. فهد العتيبي (CIO) | I12: كلمات مرور فردية دون موافقة مسبقة | J12: 4 | K12: تكرر انقطاع الخدمات لمدة 4 ساعات سابقاً نتيجة تطبيق تعديل خاطئ | L12: 4 | M12: توقف قنوات الصيرفة والربط مع شبكة المدفوعات (مدى) وخسائر تشغيلية | N12: =J12*L12 -> 16 | O12: =IF(OR(ISBLANK(J12),ISBLANK(L12)),"",IF(N12>=12,"HIGH",IF(N12>=5,"MEDIUM","LOW"))) -> HIGH | P12: Modify | Q12: إلزامية اعتماد لجنة إدارة التغيير (CAB) وتطبيق الموافقة المزدوجة واختبار خطة التراجع قبل أي تعديل | R12: A.8.32, A.8.20, A.8.2 | S12: 75000 | T12: قسم الشبكات وأمن المعلومات | U12: الربع الأول 2026 | V12: 1 | W12: Completed | X12: 1 | Y12: تطبيق حوكمة التغيير والموافقة المزدوجة يمنع الأخطاء غير المفحوصة | Z12: 3 | AA12: توفر خطة تراجع فورية يقلص زمن الانقطاع إلى أقل من 5 دقائق | AB12: =X12*Z12 -> 3 | AC12: =IF(OR(ISBLANK(X12),ISBLANK(Z12)),"",IF(AB12>=12,"HIGH",IF(AB12>=5,"MEDIUM","LOW"))) -> LOW | AD12: تم سد الفجوة التشغيلية والامتثال لمتطلبات ساما
B13: 2 | C13: البرمجيات والأنظمة | D13: بوابة الصيرفة الرقمية (آفاق نت) | E13: هجمات حقن التعليمات البرمجية الخبيثة (SQLi & XSS) لسرقة الحسابات | F13: وجود ثغرات في الكود البرمجي وضعف التحقق من المدخلات (Input Validation) | G13: CI | H13: م. فهد العتيبي (إدارة التطبيقات) | I13: جدار حماية الويب WAF بقواعد عامة | J13: 4 | K13: رصد محاولات استغلال متكررة واكتشاف ثغرات حرجة أثناء الفحص الأخير | L13: 5 | M13: تسريب بيانات العملاء المصرفية وسرقة أموال وعقوبات تنظيمية من ساما | N13: =J13*L13 -> 20 | O13: =IF(OR(ISBLANK(J13),ISBLANK(L13)),"",IF(N13>=12,"HIGH",IF(N13>=5,"MEDIUM","LOW"))) -> HIGH | P13: Modify | Q13: إعادة كتابة ومعالجة الكود المصاب، دمج فحص الكود الآلي (SAST/DAST)، وتحديث قواعد FortiWeb WAF | R13: A.8.25, A.8.26, A.8.28, A.8.29 | S13: 180000 | T13: فريق تطوير البرمجيات وأمن التطبيقات | U13: الربع الثاني 2026 | V13: 1 | W13: Completed | X13: 1 | Y13: سد الثغرات وإلزامية بوابة الجودة الأمنية قبل النشر في بيئة الإنتاج | Z13: 3 | AA13: حصر صلاحيات قواعد البيانات يحد من نطاق أي استغلال محتمل | AB13: =X13*Z13 -> 3 | AC13: =IF(OR(ISBLANK(X13),ISBLANK(Z13)),"",IF(AB13>=12,"HIGH",IF(AB13>=5,"MEDIUM","LOW"))) -> LOW | AD13: تم إغلاق كافة الثغرات بنجاح وإعادة الفحص
B14: 3 | C14: البرمجيات والأنظمة | D14: تطبيق الهواتف الذكية المصرفي (آفاق بلس) | E14: الهندسة العكسية واعتراض التبادلات المصرفية وتسريب مفاتيح API Keys | F14: عدم تفعيل التعتيم البرمجي (Obfuscation) وضعف التحقق من شهادة SSL Pinning | G14: CI | H14: م. فهد العتيبي (إدارة التطبيقات) | I14: تشفير قياسي عبر TLS 1.3 | J14: 4 | K14: انتشار التطبيق لأكثر من 500,000 عميل وسهولة استخراج الحزم البرمجية | L14: 4 | M14: اختراق حسابات العملاء، تزوير المعاملات، والإضرار بسمعة البنك | N14: =J14*L14 -> 16 | O14: =IF(OR(ISBLANK(J14),ISBLANK(L14)),"",IF(N14>=12,"HIGH",IF(N14>=5,"MEDIUM","LOW"))) -> HIGH | P14: Modify | Q14: تفعيل SSL Pinning وحماية التطبيق بأدوات RASP وتعتيم الأكواد وتدوير مفاتيح API دورياً | R14: A.8.26, A.8.28, A.8.24 | S14: 120000 | T14: قسم تطوير تطبيقات الجوال وأمن المعلومات | U14: الربع الثاني 2026 | V14: 1 | W14: Completed | X14: 1 | Y14: دمج طبقات الحماية الذاتية ومنع التشغيل على الأجهزة مكسورة الحماية | Z14: 3 | AA14: عزل الخدمات وفرض المصادقة الثنائية لكل معاملة | AB14: =X14*Z14 -> 3 | AC14: =IF(OR(ISBLANK(X14),ISBLANK(Z14)),"",IF(AB14>=12,"HIGH",IF(AB14>=5,"MEDIUM","LOW"))) -> LOW | AD14: تم طرح التحديث الإجباري للتطبيق على المتاجر الرسمية
B15: 4 | C15: الأجهزة والمعدات | D15: الحواسيب المحمولة للموظفين (2,000 لابتوب) | E15: سرقة أو فقدان الأجهزة المحمولة وتسريب البيانات الحساسة المخزنة (PII) | F15: غياب التشفير الكامل للأقراص الصلبة (عدم تفعيل BitLocker بنسبة 100%) | G15: C | H15: م. فهد العتيبي (الدعم الفني) | I15: تسجيل دخول بكلمة مرور فقط | J15: 4 | K15: حادثة سابقة لفقدان لابتوب تابع لموظف تسويق احتوى على بيانات عملاء | L15: 4 | M15: مخالفة جسيمة لنظام حماية البيانات الشخصية وغرامات تنظيمية من سدايا | N15: =J15*L15 -> 16 | O15: =IF(OR(ISBLANK(J15),ISBLANK(L15)),"",IF(N15>=12,"HIGH",IF(N15>=5,"MEDIUM","LOW"))) -> HIGH | P15: Avoid | Q15: فرض تشفير BitLocker عبر سياسات GPO بنسبة 100% ومصادرة الأجهزة المخالفة وتفعيل MDM | R15: A.8.1, A.8.24, A.7.9 | S15: 45000 | T15: قسم الدعم الفني وإدارة الهوية | U15: الربع الثاني 2026 | V15: 1 | W15: Completed | X15: 2 | Y15: تشفير القرص بمفتاح TPM يمنع استخراج البيانات حتى عند نزع القرص | Z15: 1 | AA15: فقدان القيمة المادية للجهاز فقط مع إمكانية مسحه عن بُعد دون تسريب | AB15: =X15*Z15 -> 2 | AC15: =IF(OR(ISBLANK(X15),ISBLANK(Z15)),"",IF(AB15>=12,"HIGH",IF(AB15>=5,"MEDIUM","LOW"))) -> LOW | AD15: تم التحقق من تشفير كافة الحواسيب المحمولة
B16: 5 | C16: خدمات الشبكة والبنية التحتية | D16: خوادم التوقيت وسجلات الأحداث (NTP & Syslog) | E16: تباين التوقيت الزمني بين الخوادم وجدران الحماية مما يعيق التحقيق الجنائي | F16: وجود فارق زمني قدره 7 دقائق في الخوادم وغياب مصدر توقيت موحد موثوق | G16: I | H16: قسم الشبكات والأنظمة | I16: ضبط يدوي للتوقيت على بعض الخوادم المحلية | J16: 4 | K16: تم رصد الفارق الزمني فعلياً أثناء مراجعة حادث انقطاع جدار الحماية | L16: 3 | M16: فقدان الدقة في تسلسل الأحداث الجنائية ورفض الأدلة الرقمية أمام الجهات التنظيمية | N16: =J16*L16 -> 12 | O16: =IF(OR(ISBLANK(J16),ISBLANK(L16)),"",IF(N16>=12,"HIGH",IF(N16>=5,"MEDIUM","LOW"))) -> HIGH | P16: Modify | Q16: نشر خادم توقيت مركزي معتمد (Stratum-1 NTP) ومزامنة كافة أجهزة البنك عبر سياسات مركزية | R16: A.8.17, A.8.15 | S16: 30000 | T16: م. فهد العتيبي (فريق الشبكات) | U16: الربع الثاني 2026 | V16: 1 | W16: Completed | X16: 1 | Y16: المزامنة الآلية كل ساعة تضمن عدم حدوث أي انحراف زمني | Z16: 1 | AA16: دقة توقيت متطابقة على مستوى الأجزاء من الثانية في كافة السجلات | AB16: =X16*Z16 -> 1 | AC16: =IF(OR(ISBLANK(X16),ISBLANK(Z16)),"",IF(AB16>=12,"HIGH",IF(AB16>=5,"MEDIUM","LOW"))) -> LOW | AD16: تمت المزامنة بنجاح لجميع خوادم الإنتاج
B17: 6 | C17: أصول المعلومات والبيانات | D17: خوادم وقواعد بيانات الموارد البشرية والرواتب | E17: اطلاع الموظفين غير المصرح لهم على رواتب وبيانات الموظفين والتلاعب بها | F17: مجلد الرواتب المشترك (HR Shared Folder) مفتوح بصلاحيات واسعة | G17: CI | H17: أ. خالد الشمري (الموارد البشرية) | I17: صلاحيات مجلدات محلية غير خاضعة للمراجعة | J17: 4 | K17: رصد وصول غير مصرح به سابقاً لبيانات رواتب الإدارة التنفيذية | L17: 4 | M17: انتهاك خصوصية البيانات الشخصية وخلافات عمالية ودعاوى قضائية | N17: =J17*L17 -> 16 | O17: =IF(OR(ISBLANK(J17),ISBLANK(L17)),"",IF(N17>=12,"HIGH",IF(N17>=5,"MEDIUM","LOW"))) -> HIGH | P17: Modify | Q17: إعادة هيكلة الصلاحيات وفق مبدأ الحاجة إلى المعرفة (Need-to-Know) وتشفير الملفات وتفعيل سجل التدقيق | R17: A.5.15, A.5.18, A.5.34, A.8.11 | S17: 40000 | T17: فريق إدارة الهوية والوصول (IAM) | U17: الربع الأول 2026 | V17: 1 | W17: Completed | X17: 1 | Y17: تقييد الوصول وتطبيق المصادقة الثنائية الصارمة للموارد البشرية | Z17: 2 | AA17: انحصار الأثر المحتمل وتفعيل التنبيهات الفورية عند أي محاولة دخول | AB17: =X17*Z17 -> 2 | AC17: =IF(OR(ISBLANK(X17),ISBLANK(Z17)),"",IF(AB17>=12,"HIGH",IF(AB17>=5,"MEDIUM","LOW"))) -> LOW | AD17: تم تصنيف البيانات كـ 'سري للغاية' وتطبيق سياسة حماية PII
B18: 7 | C18: خدمات الشبكة والاتصالات | D18: شهادات الأمان الرقمية للمواقع (SSL/TLS) | E18: توقف بوابات الدفع الإلكتروني والموقع العام وظهور تحذيرات أمنية للعملاء | F18: الاعتماد على التتبع اليدوي لتواريخ انتهاء الشهادات الرقمية وغياب التجديد التلقائي | G18: A | H18: م. فهد العتيبي (البنية التحتية) | I18: جدول إكسل يدوي لمتابعة تواريخ انتهاء الصلاحية | J18: 4 | K18: انتهاء شهادة بوابة سداد سابقاً مما أدى لانقطاع المعاملات لساعات | L18: 4 | M18: توقف العمليات المصرفية وتضرر سمعة البنك وفقدان ثقة العملاء | N18: =J18*L18 -> 16 | O18: =IF(OR(ISBLANK(J18),ISBLANK(L18)),"",IF(N18>=12,"HIGH",IF(N18>=5,"MEDIUM","LOW"))) -> HIGH | P18: Modify | Q18: نشر نظام آلي لإدارة دورة حياة الشهادات الرقمية (CLM) مع تنبيهات مسبقة وتجديد تلقائي | R18: A.8.24, A.8.21, A.8.16 | S18: 50000 | T18: قسم الشبكات والأنظمة | U18: الربع الثاني 2026 | V18: 1 | W18: Completed | X18: 1 | Y18: الأتمتة الكاملة تمنع تماماً نسيان أو تأخير تجديد أي شهادة | Z18: 2 | AA18: توفر شهادات بديلة احتياطية جاهزة للتفعيل الفوري | AB18: =X18*Z18 -> 2 | AC18: =IF(OR(ISBLANK(X18),ISBLANK(Z18)),"",IF(AB18>=12,"HIGH",IF(AB18>=5,"MEDIUM","LOW"))) -> LOW | AD18: تم ربط التنبيهات بمركز العمليات الأمنية SOC
B19: 8 | C19: الأجهزة والمعدات | D19: شبكة أجهزة الصراف الآلي (150 ATM) | E19: تركيب أجهزة نسخ البطاقات (Skimming) أو محاولات الاختراق المادي (Black-Box) | F19: غياب أقفال الحماية المشددة في بعض الصرافات الخارجية وضعف تشفير منافذ USB | G19: CI | H19: إدارة العمليات المصرفية وأجهزة الصراف | I19: كاميرات مراقبة عامة وتشفير لوحة المفاتيح EPP | J19: 3 | K19: محاولات احتيال متكررة مستهدفة لأجهزة الصراف في القطاع البنكي | L19: 4 | M19: سرقة أموال العملاء والبنك ومسؤولية تعويض وتضرر السمعة | N19: =J19*L19 -> 12 | O19: =IF(OR(ISBLANK(J19),ISBLANK(L19)),"",IF(N19>=12,"HIGH",IF(N19>=5,"MEDIUM","LOW"))) -> HIGH | P19: Modify | Q19: تركيب أجهزة مانعة للنسخ (Anti-Skimming)، تفعيل حماية منافذ USB وقفلها، وتشفير القرص الصلب | R19: A.7.8, A.7.10, A.8.1, A.8.20 | S19: 250000 | T19: قسم هندسة الصراف الآلي والأمن المادي | U19: الربع الثاني 2026 | V19: 1 | W19: Completed | X19: 1 | Y19: الحماية المادية والمنطقية المزدوجة تمنع هجمات الصندوق الأسود والنسخ | Z19: 2 | AA19: التنبيه الفوري للـ SOC عند أي محاولة فتح لصندوق الجهاز | AB19: =X19*Z19 -> 2 | AC19: =IF(OR(ISBLANK(X19),ISBLANK(Z19)),"",IF(AB19>=12,"HIGH",IF(AB19>=5,"MEDIUM","LOW"))) -> LOW | AD19: مطبق على 150 صرافاً مع فحص دوري أسبوعي
B20: 9 | C20: الكوادر البشرية | D20: موظفو البنك ومستخدمو البريد (2,500 موظف) | E20: هجمات التصيد الاحتيالي المستهدف (Spear Phishing) وسرقة بيانات الدخول | F20: ضعف الوعي الأمني لدى بعض الموظفين وغياب زر الإبلاغ عن الرسائل المشبوهة | G20: CIA | H20: أ. منى الشريف (الموارد البشرية) وأمن المعلومات | I20: نشرات توعوية سنوية تقليدية | J20: 4 | K20: تسجيل نسبة نقر 25% في حملة محاكاة التصيد السابقة خاصة في قطاع التسويق | L20: 4 | M20: اختراق شبكة البنك الداخلية وتثبيت برمجيات فدية خبيثة وسرقة أرصدة | N20: =J20*L20 -> 16 | O20: =IF(OR(ISBLANK(J20),ISBLANK(L20)),"",IF(N20>=12,"HIGH",IF(N20>=5,"MEDIUM","LOW"))) -> HIGH | P20: Modify | Q20: إطلاق منصة تدريب تفاعلية إلزامية، حملات تصيد شهرية، وإضافة زر (Report Phishing) في Outlook | R20: A.6.3, A.5.10, A.8.23 | S20: 90000 | T20: فريق التوعية الأمنية والموارد البشرية | U20: الربع الثاني 2026 | V20: 1 | W20: Completed | X20: 2 | Y20: انخفاض معدل النقر إلى أقل من 3% وارتفاع معدل الإبلاغ إلى 92% | Z20: 2 | AA20: تصفية البريد الخبيث عبر حواجز الحماية يمنع وصول التهديد للمستخدم | AB20: =X20*Z20 -> 4 | AC20: =IF(OR(ISBLANK(X20),ISBLANK(Z20)),"",IF(AB20>=12,"HIGH",IF(AB20>=5,"MEDIUM","LOW"))) -> LOW | AD20: تم تدريب 95.3% من الموظفين واجتياز الاختبار بنجاح
B21: 10 | C21: الكوادر البشرية | D21: حسابات وصلاحيات الموظفين المنتهية خدماتهم | E21: استغلال موظف سابق لصلاحياته الفعالة للدخول غير المصرح به وتسريب بيانات سرية | F21: التأخر في إشعار تقنية المعلومات عند استقالة الموظفين وغياب الربط الآلي | G21: C | H21: أ. خالد الشمري (HR) و م. فهد العتيبي (IT) | I21: نموذج ورقي لإخلاء الطرف يتم تمريره يدوياً | J21: 3 | K21: رصد حسابات لموظفين مستقيلين ظلت نشطة لعدة أسابيع بعد مغادرتهم | L21: 4 | M21: تسريب بيانات العملاء والاستراتيجيات المصرفية للمنافسين | N21: =J21*L21 -> 12 | O21: =IF(OR(ISBLANK(J21),ISBLANK(L21)),"",IF(N21>=12,"HIGH",IF(N21>=5,"MEDIUM","LOW"))) -> HIGH | P21: Modify | Q21: أتمتة إلغاء الحسابات فور تسجيل نهاية الخدمة في نظام HRMS مع تجميد فوري للصلاحيات | R21: A.6.5, A.5.18, A.5.16 | S21: 35000 | T21: فريق إدارة الهوية والوصول (IAM) | U21: الربع الأول 2026 | V21: 1 | W21: Completed | X21: 1 | Y21: الإلغاء اللحظي الآلي يمنع وجود أي حسابات معلقة بعد انتهاء الخدمة | Z21: 2 | AA21: سحب الأجهزة المحمولة والبطاقات فوراً ضمن بروتوكول إخلاء الطرف | AB21: =X21*Z21 -> 2 | AC21: =IF(OR(ISBLANK(X21),ISBLANK(Z21)),"",IF(AB21>=12,"HIGH",IF(AB21>=5,"MEDIUM","LOW"))) -> LOW | AD21: تم الربط البرمجي بين Oracle HRMS و Active Directory
B22: 11 | C22: المواقع والمنشآت المادية | D22: مركز البيانات الرئيسي بالرياض (الطابق 3) | E22: ارتفاع درجات الحرارة أو انقطاع التيار الكهربائي مما يؤدي لتوقف الخوادم | F22: تقادم بعض وحدات التكييف (CRAC) وعدم ازدواجية مسارات التغذية لبعض الكبائن | G22: A | H22: إدارة المرافق والخدمات وتقنية المعلومات | I22: مولد ديزل احتياطي ووحدات UPS مركزية | J22: 3 | K22: حدوث إنذارات حرارية سابقة أثناء فصل الصيف في بعض ممرات الكبائن | L22: 5 | M22: توقف كامل للأعمال المصرفية وخسائر فادحة تتجاوز 10 ملايين ريال يومياً | N22: =J22*L22 -> 15 | O22: =IF(OR(ISBLANK(J22),ISBLANK(L22)),"",IF(N22>=12,"HIGH",IF(N22>=5,"MEDIUM","LOW"))) -> HIGH | P22: Modify | Q22: استبدال وحدات التكييف المتقادمة، تطبيق نظام الممرات الباردة والساخنة المغلقة، ومضاعفة مسارات ATS | R22: A.7.11, A.7.4, A.7.13 | S22: 320000 | T22: قسم المرافق والبنية التحتية | U22: الربع الثاني 2026 | V22: 1 | W22: Completed | X22: 1 | Y22: توفير وفرة كاملة N+1 في التكييف ومسارات كهرباء مزدوجة معتمدة | Z22: 2 | AA22: القدرة على العمل المستمر دون انقطاع حتى في أشد الظروف المناخية | AB22: =X22*Z22 -> 2 | AC22: =IF(OR(ISBLANK(X22),ISBLANK(Z22)),"",IF(AB22>=12,"HIGH",IF(AB22>=5,"MEDIUM","LOW"))) -> LOW | AD22: تم اختبار التحويل التلقائي للأحمال بنجاح كامل
B23: 12 | C23: استمرارية الأعمال والتعافي | D23: مركز التعافي من الكوارث بجدة (DR Site) | E23: تعذر تشغيل الخدمات المصرفية من مركز جدة عند حدوث كارثة في مركز الرياض | F23: بطء زمن التعافي (RTO) وعدم إجراء اختبارات محاكاة تشغيل حية شاملة | G23: A | H23: إدارة تقنية المعلومات واستمرارية الأعمال | I23: مزامنة قواعد البيانات عبر Oracle Data Guard | J23: 3 | K23: الاختبارات السابقة كانت جزئية ولم تشمل تحويل كامل حركة العمليات المصرفية | L23: 5 | M23: فشل استمرارية الأعمال وفقدان الترخيص المصرفي وغرامات باهظة من ساما | N23: =J23*L23 -> 15 | O23: =IF(OR(ISBLANK(J23),ISBLANK(L23)),"",IF(N23>=12,"HIGH",IF(N23>=5,"MEDIUM","LOW"))) -> HIGH | P23: Modify | Q23: ترقية خطوط الربط الفائقة، أتمتة إجراءات التحويل (Failover)، وإجراء محاكاة تشغيل حية مرتين سنوياً | R23: A.5.29, A.5.30, A.8.14 | S23: 280000 | T23: فريق استمرارية الأعمال وتقنية المعلومات | U23: الربع الثالث 2026 | V23: 0.85 | W23: In Progress | X23: 1 | Y23: نجاح اختبار التحويل وتحقيق RTO أقل من 30 دقيقة و RPO يقارب الصفر | Z23: 2 | AA23: ضمان تشغيل 100% من الخدمات الحيوية دون انقطاع ملموس للعملاء | AB23: =X23*Z23 -> 2 | AC23: =IF(OR(ISBLANK(X23),ISBLANK(Z23)),"",IF(AB23>=12,"HIGH",IF(AB23>=5,"MEDIUM","LOW"))) -> LOW | AD23: التدريب العملي القادم مجدول في أكتوبر 2026
... B31: 20 | C31: المراقبة والاستجابة للحوادث | D31: مركز العمليات الأمنية ونظام إدارة الأحداث (SOC/SIEM) | E31: تأخر اكتشاف الهجمات المتقدمة (APTs) وتسلل المهاجمين دون رصد لفترات طويلة | F31: غياب قواعد الارتباط الذكية (Correlation Rules) ونقص الكوادر في المناوبات الليلية | G31: CIA | H31: أ. سارة الحربي (مدير أمن المعلومات) | I31: مراقبة اعتيادية لسجلات الأحداث مع إنذارات مفرطة | J31: 3 | K31: الهجمات السيبرانية المنظمة تستغل العطلات وساعات الليل لتنفيذ الاختراقات | L31: 4 | M31: تفاقم الحوادث السيبرانية وصعوبة احتوائها بعد انتشارها في الشبكة | N31: =J31*L31 -> 12 | O31: =IF(OR(ISBLANK(J31),ISBLANK(L31)),"",IF(N31>=12,"HIGH",IF(N31>=5,"MEDIUM","LOW"))) -> HIGH | P31: Modify | Q31: ترقية نظام SIEM/SOAR، تفعيل كشف السلوك غير الطبيعي (UEBA)، وتغطية SOC مدار على مدار الساعة | R31: A.8.16, A.5.24, A.5.25, A.5.26 | S31: 195000 | T31: مدير مركز العمليات الأمنية SOC | U31: الربع الأول 2026 | V31: 1 | W31: Completed | X31: 1 | Y31: الكشف اللحظي والاستجابة المؤتمتة خلال دقائق يمنع تمكن المهاجمين | Z31: 2 | AA31: تقليص زمن الاحتواء وعزل الأنظمة المصابة فوراً قبل انتشار التهديد | AB31: =X31*Z31 -> 2 | AC31: =IF(OR(ISBLANK(X31),ISBLANK(Z31)),"",IF(AB31>=12,"HIGH",IF(AB31>=5,"MEDIUM","LOW"))) -> LOW | AD31: تم تحقيق زمن استجابة (MTTR) أقل من 15 دقيقة للحوادث الحرجة
B32: الإجمالي | S32: =SUM(S12:S31) -> 2320000 | T32: إجمالي ميزانية خطة معالجة المخاطر المعتمدة من الإدارة العليا

Sheet Dashboard
B1: لوحة مؤشرات وملخص تقييم ومعالجة المخاطر (Risk Dashboard)
B3: ملخص أعداد المخاطر قبل وبعد المعالجة (Pre vs Post-Treatment)
B4: مستوى الخطر Risk Level | C4: العدد قبل المعالجة Pre-Treatment | D4: النسبة % Pre % | E4: العدد بعد المعالجة Post-Treatment | F4: النسبة % Post %
B5: عالي (HIGH) | C5: =COUNTIF('Risk Assessment'!$O$12:$O$31, "HIGH") -> 19 | D5: =C5/$C$8 -> 0.95 | E5: =COUNTIF('Risk Assessment'!$AC$12:$AC$31, "HIGH") -> 0 | F5: =E5/$E$8 -> 0
B6: متوسط (MEDIUM) | C6: =COUNTIF('Risk Assessment'!$O$12:$O$31, "MEDIUM") -> 1 | D6: =C6/$C$8 -> 0.05 | E6: =COUNTIF('Risk Assessment'!$AC$12:$AC$31, "MEDIUM") -> 0 | F6: =E6/$E$8 -> 0
B7: منخفض (LOW) | C7: =COUNTIF('Risk Assessment'!$O$12:$O$31, "LOW") -> 0 | D7: =C7/$C$8 -> 0 | E7: =COUNTIF('Risk Assessment'!$AC$12:$AC$31, "LOW") -> 20 | F7: =E7/$E$8 -> 1
B8: الإجمالي الكلي (Total) | C8: =SUM(C5:C7) -> 20 | D8: =SUM(D5:D7) -> 1 | E8: =SUM(E5:E7) -> 20 | F8: =SUM(F5:F7) -> 1
B11: توزيع المخاطر حسب خيار المعالجة المعتمد (Risks by Treatment Option)
B12: خيار المعالجة Option | C12: عدد المخاطر Count | D12: النسبة % Percentage | E12: إجمالي التكلفة التقديرية Total Cost
B13: تعديل / تخفيف (Modify) | C13: =COUNTIF('Risk Assessment'!$P$12:$P$31, "Modify") -> 19 | D13: =C13/$C$17 -> 0.95 | E13: =SUMIF('Risk Assessment'!$P$12:$P$31, "Modify", 'Risk Assessment'!$S$12:$S$31) -> 2275000
B14: قبول الخطر (Accept) | C14: =COUNTIF('Risk Assessment'!$P$12:$P$31, "Accept") -> 0 | D14: =C14/$C$17 -> 0 | E14: 0
B15: تجنب الخطر (Avoid) | C15: =COUNTIF('Risk Assessment'!$P$12:$P$31, "Avoid") -> 1 | D15: =C15/$C$17 -> 0.05 | E15: =SUMIF('Risk Assessment'!$P$12:$P$31, "Avoid", 'Risk Assessment'!$S$12:$S$31) -> 45000
B16: مشاركة / نقل الخطر (Share) | C16: =COUNTIF('Risk Assessment'!$P$12:$P$31, "Share") -> 0 | D16: =C16/$C$17 -> 0 | E16: 0
B17: الإجمالي الكلي لميزانية المعالجة | C17: =SUM(C13:C16) -> 20 | D17: =SUM(D13:D16) -> 1 | E17: =SUM(E13:E16) -> 2320000

Sheet Likelihood
B3: مقياس احتمالية وقوع الخطر (Likelihood Scale)
B4: الدرجة | C4: المستوى | D4: الوصف والتكرار الزمني
B5: 1 | C5: نادر جداً (Remote / Rare) | D5: من غير المحتمل إطلاقاً حدوث الخطر (مرة كل 5 سنوات أو أكثر)
B6: 2 | C6: غير مرجح (Unlikely) | D6: فرصة الحدوث منخفضة في الظروف العادية (مرة كل 2 إلى 3 سنوات)
B7: 3 | C7: محتمل (Moderate / Possible) | D7: احتمالية معتدلة متساوية للوقوع في بيئة العمل (مرة سنوياً)
B8: 4 | C8: مرجح (Likely / Probable) | D8: احتمالية الوقوع تفوق عدم الوقوع وتوجد سوابق (عدة مرات سنوياً)
B9: 5 | C9: شبه مؤكد (Almost Certain) | D9: الخطر شبه مؤكد الحدوث بشكل متكرر وتوجد حوادث سابقة تؤكد ذلك

Sheet Impact
B3: مقياس مستوى الأثر والعواقب المصرفية (Impact Scale)
B4: الدرجة | C4: مستوى الأثر | D4: الخسائر المالية | E4: التأثير التشغيلي والتنظيمي
B5: 1 | C5: ضئيل (Insignificant) | D5: أقل من 50,000 ر.س | E5: أثر مهمل لا يسبب أي انقطاع في الأعمال المصرفية
B6: 2 | C6: منخفض / طفيف (Minor) | D6: 50,000 - 250,000 ر.س | E6: إزعاج طفيف يمكن معالجته عبر الإجراءات الروتينية
B7: 3 | C7: متوسط (Moderate) | D7: 250,000 - 1,000,000 ر.س | E7: تعطل مؤقت في بعض الخدمات مع وجود بدائل تشغيلية
B8: 4 | C8: كبير / عالي (Major) | D8: 1 - 5 ملايين ر.س | E8: تعطل جسيم في الخدمات الحيوية وغرامات مشددة من ساما
B9: 5 | C9: كارثي (Catastrophic) | D9: تتجاوز 5 ملايين ر.س | E9: شلل كامل يهدد استقرار البنك ومساءلة قضائية وسحب الترخيص
